ts,cycle_id,mode,energy,cost,idle_ratio,conc,node_cnt,nodes,nodes_pods
2025-05-14T06:37:09.880998,0,incremental,2.8450,0.0950,0.2782,0.5000,2,australia-southeast2|e2-standard-4|0.0|node-1;us-west1|n1-standard-2|0.095|pack-us-west1-n1-standard-2-95267,node-1:[default/step-load-7d6dd98f99-826tk|default/step-load-7d6dd98f99-kl7rt|default/step-load-7d6dd98f99-l58sq|default/step-load-7d6dd98f99-v5ndg];pack-us-west1-n1-standard-2-95267:[default/step-load-7d6dd98f99-zmn2p|default/nginx-7b6d77bd77-5pxsf|default/step-load-7d6dd98f99-zppzg|default/nginx-7b6d77bd77-2fkzb]
2025-05-14T06:45:33.531132,1,full,2.1800,0.0475,0.6294,0.3333,3,australia-southeast2|e2-standard-4|0.0|node-1;us-west1|n1-standard-2|0.0|pack-us-west1-n1-standard-2-95267;us-east1|n1-standard-1|0.0475|up-us-east1-n1-standard-1-71008,node-1:[default/step-load-7d6dd98f99-826tk|default/step-load-7d6dd98f99-kl7rt|default/step-load-7d6dd98f99-l58sq|default/step-load-7d6dd98f99-v5ndg];pack-us-west1-n1-standard-2-95267:[default/nginx-7b6d77bd77-2fkzb|default/nginx-7b6d77bd77-5pxsf|default/step-load-7d6dd98f99-zmn2p|default/step-load-7d6dd98f99-zppzg|default/nginx-7b6d77bd77-5dbpr];up-us-east1-n1-standard-1-71008:[default/nginx-7b6d77bd77-826sd|default/nginx-7b6d77bd77-wsqcz]
2025-05-14T06:47:56.390019,2,incremental,3.2663,0.4251,0.7660,0.3600,5,australia-southeast2|e2-standard-4|0.0|node-1;us-west1|n1-standard-2|0.0|pack-us-west1-n1-standard-2-95267;us-east1|n1-standard-1|0.0|up-us-east1-n1-standard-1-71008;us-west1|n1-highcpu-4|0.141696|rfsa-us-west1-n1-highcpu-4-17273;us-east1|n1-highcpu-8|0.283395|pack-us-east1-n1-highcpu-8-64901,node-1:[];pack-us-west1-n1-standard-2-95267:[default/step-load-7d6dd98f99-826tk|default/step-load-7d6dd98f99-v5ndg|default/nginx-7b6d77bd77-5pxsf|default/step-load-7d6dd98f99-l58sq];up-us-east1-n1-standard-1-71008:[default/step-load-7d6dd98f99-zppzg|default/nginx-7b6d77bd77-5dbpr];rfsa-us-west1-n1-highcpu-4-17273:[default/renaissance-xczhl|default/step-load-7d6dd98f99-kl7rt];pack-us-east1-n1-highcpu-8-64901:[default/renaissance-tqtcj|default/step-load-7d6dd98f99-zmn2p|default/renaissance-wq59j|default/nginx-7b6d77bd77-2fkzb]
2025-05-14T06:52:20.182698,3,incremental,2.9719,0.0000,0.5787,0.3600,5,australia-southeast2|e2-standard-4|0.0|node-1;us-east1|n1-highcpu-8|0.0|pack-us-east1-n1-highcpu-8-64901;us-west1|n1-standard-2|0.0|pack-us-west1-n1-standard-2-95267;us-west1|n1-highcpu-4|0.0|rfsa-us-west1-n1-highcpu-4-17273;us-east1|n1-standard-1|0.0|up-us-east1-n1-standard-1-71008,node-1:[default/step-load-7d6dd98f99-826tk|default/step-load-7d6dd98f99-kl7rt|default/step-load-7d6dd98f99-l58sq|default/step-load-7d6dd98f99-v5ndg];pack-us-east1-n1-highcpu-8-64901:[default/renaissance-tqtcj|default/renaissance-wq59j];pack-us-west1-n1-standard-2-95267:[default/nginx-7b6d77bd77-2fkzb|default/nginx-7b6d77bd77-5dbpr|default/nginx-7b6d77bd77-5pxsf|default/step-load-7d6dd98f99-zmn2p|default/step-load-7d6dd98f99-zppzg];rfsa-us-west1-n1-highcpu-4-17273:[default/renaissance-xczhl];up-us-east1-n1-standard-1-71008:[default/nginx-7b6d77bd77-826sd|default/nginx-7b6d77bd77-wsqcz|default/nginx-7b6d77bd77-8qgt9]
2025-05-14T06:56:01.642143,4,consolidate,2.6787,0.0000,0.1925,0.5000,2,australia-southeast2|e2-standard-4|0.0|node-1;us-west1|n1-highcpu-4|0.0|rfsa-us-west1-n1-highcpu-4-17273,node-1:[default/step-load-7d6dd98f99-826tk|default/step-load-7d6dd98f99-kl7rt|default/step-load-7d6dd98f99-l58sq|default/step-load-7d6dd98f99-v5ndg];rfsa-us-west1-n1-highcpu-4-17273:[default/renaissance-xczhl]
2025-05-14T06:58:18.341603,4,incremental,2.7596,0.4433,0.2162,0.3750,4,australia-southeast2|e2-standard-4|0.0|node-1;us-west1|n1-highcpu-4|0.0|rfsa-us-west1-n1-highcpu-4-17273;us-west1|n1-highcpu-8|0.283395|pack-us-west1-n1-highcpu-8-61276;us-east1|n4-highcpu-4|0.159928|pack-us-east1-n4-highcpu-4-25722,node-1:[default/step-load-7d6dd98f99-826tk|default/step-load-7d6dd98f99-kl7rt|default/step-load-7d6dd98f99-l58sq|default/step-load-7d6dd98f99-v5ndg];rfsa-us-west1-n1-highcpu-4-17273:[default/renaissance-xczhl|default/step-load-7d6dd98f99-k7pv9];pack-us-west1-n1-highcpu-8-61276:[default/renaissance-96hbc|default/step-load-7d6dd98f99-dpp2b|default/nginx-7b6d77bd77-crvl9|default/renaissance-tv9bx|default/step-load-7d6dd98f99-ddvjl|default/nginx-7b6d77bd77-bljf5];pack-us-east1-n4-highcpu-4-25722:[default/mbw-5t82q|default/step-load-7d6dd98f99-crtsd|default/nginx-7b6d77bd77-8mrnx|default/mbw-czg62|default/step-load-7d6dd98f99-9vc4d|default/nginx-7b6d77bd77-2rszv]
2025-05-14T07:00:45.599165,5,full,1.8575,0.0000,0.1500,0.3333,3,australia-southeast2|e2-standard-4|0.0|node-1;us-east1|n4-highcpu-4|0.0|pack-us-east1-n4-highcpu-4-25722;us-west1|n1-highcpu-4|0.0|rfsa-us-west1-n1-highcpu-4-17273,node-1:[default/step-load-7d6dd98f99-826tk|default/step-load-7d6dd98f99-kl7rt|default/step-load-7d6dd98f99-l58sq|default/step-load-7d6dd98f99-v5ndg];pack-us-east1-n4-highcpu-4-25722:[default/mbw-m5kl2|default/mbw-sp6cs|default/step-load-7d6dd98f99-ptgq2|default/step-load-7d6dd98f99-sgg87|default/nginx-7b6d77bd77-drx2p|default/nginx-7b6d77bd77-mn2ct];rfsa-us-west1-n1-highcpu-4-17273:[default/renaissance-xczhl|default/step-load-7d6dd98f99-kw8gj]
2025-05-14T07:03:08.676570,6,incremental,3.1671,0.3634,0.2559,0.2800,5,australia-southeast2|e2-standard-4|0.0|node-1;us-east1|n4-highcpu-4|0.0|pack-us-east1-n4-highcpu-4-25722;us-west1|n1-highcpu-4|0.0|rfsa-us-west1-n1-highcpu-4-17273;us-east4|n4-highcpu-2|0.079964|rfsa-us-east4-n4-highcpu-2-45110;us-west1|n1-highcpu-8|0.283395|pack-us-west1-n1-highcpu-8-22683,node-1:[default/step-load-7d6dd98f99-826tk|default/step-load-7d6dd98f99-kl7rt|default/step-load-7d6dd98f99-l58sq|default/step-load-7d6dd98f99-v5ndg];pack-us-east1-n4-highcpu-4-25722:[default/mbw-5t82q|default/mbw-czg62|default/nginx-7b6d77bd77-2rszv|default/nginx-7b6d77bd77-8mrnx|default/nginx-7b6d77bd77-drx2p|default/nginx-7b6d77bd77-mn2ct|default/step-load-7d6dd98f99-9vc4d|default/step-load-7d6dd98f99-crtsd];rfsa-us-west1-n1-highcpu-4-17273:[default/renaissance-xczhl|default/step-load-7d6dd98f99-k7pv9];rfsa-us-east4-n4-highcpu-2-45110:[default/mbw-2b6md|default/step-load-7d6dd98f99-9nx6j|default/nginx-7b6d77bd77-2mvrf];pack-us-west1-n1-highcpu-8-22683:[default/renaissance-58wrf|default/step-load-7d6dd98f99-dhxh6|default/renaissance-sjzqz|default/step-load-7d6dd98f99-d7rfp|default/nginx-7b6d77bd77-5wsmc]
2025-05-14T07:03:28.089286,7,incremental,3.2006,0.0000,1.1362,0.2800,5,australia-southeast2|e2-standard-4|0.0|node-1;us-east1|n4-highcpu-4|0.0|pack-us-east1-n4-highcpu-4-25722;us-west1|n1-highcpu-8|0.0|pack-us-west1-n1-highcpu-8-22683;us-east4|n4-highcpu-2|0.0|rfsa-us-east4-n4-highcpu-2-45110;us-west1|n1-highcpu-4|0.0|rfsa-us-west1-n1-highcpu-4-17273,node-1:[default/step-load-7d6dd98f99-826tk|default/step-load-7d6dd98f99-kl7rt|default/step-load-7d6dd98f99-l58sq|default/step-load-7d6dd98f99-v5ndg];pack-us-east1-n4-highcpu-4-25722:[default/mbw-5t82q|default/mbw-czg62|default/nginx-7b6d77bd77-2rszv|default/nginx-7b6d77bd77-8mrnx|default/nginx-7b6d77bd77-drx2p|default/nginx-7b6d77bd77-mn2ct|default/step-load-7d6dd98f99-9vc4d|default/step-load-7d6dd98f99-crtsd];pack-us-west1-n1-highcpu-8-22683:[default/step-load-7d6dd98f99-zj56d];rfsa-us-east4-n4-highcpu-2-45110:[default/mbw-xd2pd|default/step-load-7d6dd98f99-wtz4v];rfsa-us-west1-n1-highcpu-4-17273:[default/step-load-7d6dd98f99-k7pv9|default/renaissance-st4kb]
2025-05-14T07:04:29.246408,8,incremental,2.8631,0.0000,0.4612,0.2800,5,australia-southeast2|e2-standard-4|0.0|node-1;us-east1|n4-highcpu-4|0.0|pack-us-east1-n4-highcpu-4-25722;us-west1|n1-highcpu-8|0.0|pack-us-west1-n1-highcpu-8-22683;us-east4|n4-highcpu-2|0.0|rfsa-us-east4-n4-highcpu-2-45110;us-west1|n1-highcpu-4|0.0|rfsa-us-west1-n1-highcpu-4-17273,node-1:[default/step-load-7d6dd98f99-826tk|default/step-load-7d6dd98f99-kl7rt|default/step-load-7d6dd98f99-l58sq|default/step-load-7d6dd98f99-v5ndg];pack-us-east1-n4-highcpu-4-25722:[default/mbw-5t82q|default/mbw-czg62|default/nginx-7b6d77bd77-2rszv|default/nginx-7b6d77bd77-8mrnx|default/nginx-7b6d77bd77-drx2p|default/nginx-7b6d77bd77-mn2ct|default/step-load-7d6dd98f99-9vc4d|default/step-load-7d6dd98f99-crtsd];pack-us-west1-n1-highcpu-8-22683:[default/renaissance-sjzqz|default/mbw-5vwkb|default/step-load-7d6dd98f99-cf8xj|default/step-load-7d6dd98f99-ntbsn];rfsa-us-east4-n4-highcpu-2-45110:[default/mbw-2b6md|default/nginx-7b6d77bd77-2mvrf|default/step-load-7d6dd98f99-9nx6j];rfsa-us-west1-n1-highcpu-4-17273:[default/renaissance-st4kb|default/step-load-7d6dd98f99-k7pv9]
2025-05-14T07:07:20.909649,9,incremental,3.3948,0.0800,0.3048,0.2778,6,australia-southeast2|e2-standard-4|0.0|node-1;us-east1|n4-highcpu-4|0.0|pack-us-east1-n4-highcpu-4-25722;us-west1|n1-highcpu-8|0.0|pack-us-west1-n1-highcpu-8-22683;us-east4|n4-highcpu-2|0.0|rfsa-us-east4-n4-highcpu-2-45110;us-west1|n1-highcpu-4|0.0|rfsa-us-west1-n1-highcpu-4-17273;us-east1|n4-highcpu-2|0.079964|rfsa-us-east1-n4-highcpu-2-47777,node-1:[default/step-load-7d6dd98f99-k7pv9|default/step-load-7d6dd98f99-crtsd|default/step-load-7d6dd98f99-l58sq];pack-us-east1-n4-highcpu-4-25722:[default/mbw-5t82q|default/mbw-czg62|default/step-load-7d6dd98f99-9nx6j|default/step-load-7d6dd98f99-9vc4d|default/step-load-7d6dd98f99-826tk|default/step-load-7d6dd98f99-dh6l2];pack-us-west1-n1-highcpu-8-22683:[default/renaissance-58wrf|default/renaissance-sjzqz|default/step-load-7d6dd98f99-kl7rt|default/nginx-7b6d77bd77-mn2ct|default/step-load-7d6dd98f99-dhxh6];rfsa-us-east4-n4-highcpu-2-45110:[default/mbw-2b6md|default/step-load-7d6dd98f99-d7rfp|default/nginx-7b6d77bd77-2mvrf];rfsa-us-west1-n1-highcpu-4-17273:[default/renaissance-st4kb|default/nginx-7b6d77bd77-2rszv|default/nginx-7b6d77bd77-8mrnx|default/nginx-7b6d77bd77-5wsmc];rfsa-us-east1-n4-highcpu-2-47777:[default/mbw-b4m4z|default/step-load-7d6dd98f99-v5ndg|default/nginx-7b6d77bd77-drx2p]
2025-05-14T07:07:51.743591,10,incremental,3.2599,0.0000,0.3387,0.2778,6,australia-southeast2|e2-standard-4|0.0|node-1;us-east1|n4-highcpu-4|0.0|pack-us-east1-n4-highcpu-4-25722;us-west1|n1-highcpu-8|0.0|pack-us-west1-n1-highcpu-8-22683;us-east1|n4-highcpu-2|0.0|rfsa-us-east1-n4-highcpu-2-47777;us-east4|n4-highcpu-2|0.0|rfsa-us-east4-n4-highcpu-2-45110;us-west1|n1-highcpu-4|0.0|rfsa-us-west1-n1-highcpu-4-17273,node-1:[default/step-load-7d6dd98f99-9nx6j|default/step-load-7d6dd98f99-d7rfp|default/nginx-7b6d77bd77-2mvrf];pack-us-east1-n4-highcpu-4-25722:[default/mbw-5t82q|default/step-load-7d6dd98f99-dhxh6|default/step-load-7d6dd98f99-826tk|default/step-load-7d6dd98f99-v5ndg|default/step-load-7d6dd98f99-kl7rt|default/step-load-7d6dd98f99-k7pv9|default/step-load-7d6dd98f99-crtsd];pack-us-west1-n1-highcpu-8-22683:[default/renaissance-58wrf|default/renaissance-sjzqz|default/mbw-czg62];rfsa-us-east1-n4-highcpu-2-47777:[default/step-load-7d6dd98f99-l58sq|default/step-load-7d6dd98f99-8j4np|default/step-load-7d6dd98f99-9vc4d|default/nginx-7b6d77bd77-8mrnx];rfsa-us-east4-n4-highcpu-2-45110:[default/mbw-2b6md|default/step-load-7d6dd98f99-qn8pm|default/nginx-7b6d77bd77-drx2p];rfsa-us-west1-n1-highcpu-4-17273:[default/renaissance-st4kb|default/nginx-7b6d77bd77-mn2ct|default/nginx-7b6d77bd77-2rszv|default/nginx-7b6d77bd77-5wsmc]
2025-05-14T07:08:51.911854,11,incremental,3.2474,0.0000,0.2637,0.2778,6,australia-southeast2|e2-standard-4|0.0|node-1;us-east1|n4-highcpu-4|0.0|pack-us-east1-n4-highcpu-4-25722;us-west1|n1-highcpu-8|0.0|pack-us-west1-n1-highcpu-8-22683;us-east1|n4-highcpu-2|0.0|rfsa-us-east1-n4-highcpu-2-47777;us-east4|n4-highcpu-2|0.0|rfsa-us-east4-n4-highcpu-2-45110;us-west1|n1-highcpu-4|0.0|rfsa-us-west1-n1-highcpu-4-17273,node-1:[default/step-load-7d6dd98f99-l58sq|default/step-load-7d6dd98f99-v5ndg|default/nginx-7b6d77bd77-mn2ct|default/nginx-7b6d77bd77-8mrnx];pack-us-east1-n4-highcpu-4-25722:[default/mbw-5t82q|default/mbw-czg62|default/step-load-7d6dd98f99-9vc4d|default/step-load-7d6dd98f99-crtsd|default/step-load-7d6dd98f99-8j4np|default/step-load-7d6dd98f99-dhxh6];pack-us-west1-n1-highcpu-8-22683:[default/renaissance-58wrf|default/renaissance-sjzqz|default/step-load-7d6dd98f99-826tk|default/step-load-7d6dd98f99-k7pv9|default/nginx-7b6d77bd77-drx2p|default/nginx-7b6d77bd77-5wsmc];rfsa-us-east1-n4-highcpu-2-47777:[default/mbw-b4m4z|default/step-load-7d6dd98f99-d7rfp|default/nginx-7b6d77bd77-2mvrf];rfsa-us-east4-n4-highcpu-2-45110:[default/mbw-2b6md|default/nginx-7b6d77bd77-2rszv|default/step-load-7d6dd98f99-kl7rt];rfsa-us-west1-n1-highcpu-4-17273:[default/renaissance-st4kb|default/step-load-7d6dd98f99-9nx6j]
2025-05-14T07:09:52.310388,12,incremental,3.2636,0.0000,0.2963,0.2778,6,australia-southeast2|e2-standard-4|0.0|node-1;us-east1|n4-highcpu-4|0.0|pack-us-east1-n4-highcpu-4-25722;us-west1|n1-highcpu-8|0.0|pack-us-west1-n1-highcpu-8-22683;us-east1|n4-highcpu-2|0.0|rfsa-us-east1-n4-highcpu-2-47777;us-east4|n4-highcpu-2|0.0|rfsa-us-east4-n4-highcpu-2-45110;us-west1|n1-highcpu-4|0.0|rfsa-us-west1-n1-highcpu-4-17273,node-1:[default/step-load-7d6dd98f99-kl7rt|default/step-load-7d6dd98f99-dhxh6|default/nginx-7b6d77bd77-2mvrf|default/nginx-7b6d77bd77-5wsmc];pack-us-east1-n4-highcpu-4-25722:[default/step-load-7d6dd98f99-9vc4d|default/step-load-7d6dd98f99-crtsd|default/mbw-dlpz2|default/step-load-7d6dd98f99-826tk|default/step-load-7d6dd98f99-9nx6j|default/nginx-7b6d77bd77-mn2ct|default/step-load-7d6dd98f99-k7pv9];pack-us-west1-n1-highcpu-8-22683:[default/renaissance-58wrf|default/renaissance-sjzqz|default/step-load-7d6dd98f99-8j4np|default/step-load-7d6dd98f99-v5ndg|default/nginx-7b6d77bd77-2rszv];rfsa-us-east1-n4-highcpu-2-47777:[default/mbw-b4m4z|default/step-load-7d6dd98f99-7q7n4|default/nginx-7b6d77bd77-drx2p];rfsa-us-east4-n4-highcpu-2-45110:[default/mbw-2b6md|default/step-load-7d6dd98f99-l58sq|default/nginx-7b6d77bd77-8mrnx];rfsa-us-west1-n1-highcpu-4-17273:[default/renaissance-st4kb|default/step-load-7d6dd98f99-d7rfp]
2025-05-14T07:10:51.303364,13,incremental,3.2511,0.0000,0.3213,0.2778,6,australia-southeast2|e2-standard-4|0.0|node-1;us-east1|n4-highcpu-4|0.0|pack-us-east1-n4-highcpu-4-25722;us-west1|n1-highcpu-8|0.0|pack-us-west1-n1-highcpu-8-22683;us-east1|n4-highcpu-2|0.0|rfsa-us-east1-n4-highcpu-2-47777;us-east4|n4-highcpu-2|0.0|rfsa-us-east4-n4-highcpu-2-45110;us-west1|n1-highcpu-4|0.0|rfsa-us-west1-n1-highcpu-4-17273,node-1:[default/step-load-7d6dd98f99-9vc4d|default/nginx-7b6d77bd77-5wsmc|default/step-load-7d6dd98f99-826tk];pack-us-east1-n4-highcpu-4-25722:[default/mbw-dlpz2|default/step-load-7d6dd98f99-v5ndg|default/step-load-7d6dd98f99-d7rfp|default/step-load-7d6dd98f99-dhxh6|default/nginx-7b6d77bd77-drx2p|default/step-load-7d6dd98f99-crtsd|default/step-load-7d6dd98f99-9nx6j];pack-us-west1-n1-highcpu-8-22683:[default/renaissance-58wrf|default/renaissance-sjzqz|default/step-load-7d6dd98f99-l58sq|default/nginx-7b6d77bd77-2mvrf|default/nginx-7b6d77bd77-mn2ct|default/step-load-7d6dd98f99-kl7rt];rfsa-us-east1-n4-highcpu-2-47777:[default/mbw-b4m4z|default/step-load-7d6dd98f99-8j4np|default/nginx-7b6d77bd77-8mrnx];rfsa-us-east4-n4-highcpu-2-45110:[default/mbw-2b6md|default/step-load-7d6dd98f99-46ts9|default/nginx-7b6d77bd77-2rszv];rfsa-us-west1-n1-highcpu-4-17273:[default/renaissance-st4kb|default/step-load-7d6dd98f99-k7pv9]
2025-05-14T07:11:51.655371,14,incremental,3.2511,0.0000,0.2713,0.2778,6,australia-southeast2|e2-standard-4|0.0|node-1;us-east1|n4-highcpu-4|0.0|pack-us-east1-n4-highcpu-4-25722;us-west1|n1-highcpu-8|0.0|pack-us-west1-n1-highcpu-8-22683;us-east1|n4-highcpu-2|0.0|rfsa-us-east1-n4-highcpu-2-47777;us-east4|n4-highcpu-2|0.0|rfsa-us-east4-n4-highcpu-2-45110;us-west1|n1-highcpu-4|0.0|rfsa-us-west1-n1-highcpu-4-17273,node-1:[default/step-load-7d6dd98f99-dhxh6|default/nginx-7b6d77bd77-5wsmc|default/nginx-7b6d77bd77-8mrnx|default/step-load-7d6dd98f99-l58sq];pack-us-east1-n4-highcpu-4-25722:[default/mbw-dlpz2|default/step-load-7d6dd98f99-2mjbf|default/step-load-7d6dd98f99-9nx6j|default/step-load-7d6dd98f99-v5ndg|default/nginx-7b6d77bd77-2mvrf|default/step-load-7d6dd98f99-crtsd|default/step-load-7d6dd98f99-d7rfp];pack-us-west1-n1-highcpu-8-22683:[default/renaissance-58wrf|default/renaissance-sjzqz|default/nginx-7b6d77bd77-drx2p|default/step-load-7d6dd98f99-9vc4d|default/step-load-7d6dd98f99-826tk|default/nginx-7b6d77bd77-gmx2g];rfsa-us-east1-n4-highcpu-2-47777:[default/mbw-b4m4z|default/step-load-7d6dd98f99-8j4np|default/nginx-7b6d77bd77-2rszv];rfsa-us-east4-n4-highcpu-2-45110:[default/mbw-2b6md|default/nginx-7b6d77bd77-mn2ct|default/step-load-7d6dd98f99-kl7rt];rfsa-us-west1-n1-highcpu-4-17273:[default/renaissance-st4kb|default/step-load-7d6dd98f99-k7pv9]
2025-05-14T07:12:51.206480,15,incremental,3.2324,0.0000,0.2838,0.2778,6,australia-southeast2|e2-standard-4|0.0|node-1;us-east1|n4-highcpu-4|0.0|pack-us-east1-n4-highcpu-4-25722;us-west1|n1-highcpu-8|0.0|pack-us-west1-n1-highcpu-8-22683;us-east1|n4-highcpu-2|0.0|rfsa-us-east1-n4-highcpu-2-47777;us-east4|n4-highcpu-2|0.0|rfsa-us-east4-n4-highcpu-2-45110;us-west1|n1-highcpu-4|0.0|rfsa-us-west1-n1-highcpu-4-17273,node-1:[default/step-load-7d6dd98f99-l58sq|default/step-load-7d6dd98f99-2mjbf|default/nginx-7b6d77bd77-drx2p];pack-us-east1-n4-highcpu-4-25722:[default/mbw-dlpz2|default/step-load-7d6dd98f99-crtsd|default/step-load-7d6dd98f99-k7pv9|default/step-load-7d6dd98f99-826tk|default/nginx-7b6d77bd77-gmx2g|default/step-load-7d6dd98f99-9nx6j|default/step-load-7d6dd98f99-d7rfp];pack-us-west1-n1-highcpu-8-22683:[default/renaissance-58wrf|default/renaissance-sjzqz|default/step-load-7d6dd98f99-dhxh6|default/step-load-7d6dd98f99-8j4np|default/step-load-7d6dd98f99-v5ndg];rfsa-us-east1-n4-highcpu-2-47777:[default/mbw-b4m4z|default/step-load-7d6dd98f99-kl7rt|default/nginx-7b6d77bd77-8mrnx];rfsa-us-east4-n4-highcpu-2-45110:[default/mbw-2b6md|default/step-load-7d6dd98f99-9vc4d|default/nginx-7b6d77bd77-2rszv];rfsa-us-west1-n1-highcpu-4-17273:[default/renaissance-st4kb|default/nginx-7b6d77bd77-mn2ct|default/nginx-7b6d77bd77-2mvrf|default/nginx-7b6d77bd77-5wsmc]
2025-05-14T07:14:12.061128,16,consolidate,2.9856,0.0000,0.7063,0.2800,5,australia-southeast2|e2-standard-4|0.0|node-1;us-east1|n4-highcpu-4|0.0|pack-us-east1-n4-highcpu-4-25722;us-west1|n1-highcpu-8|0.0|pack-us-west1-n1-highcpu-8-22683;us-east4|n4-highcpu-2|0.0|rfsa-us-east4-n4-highcpu-2-45110;us-west1|n1-highcpu-4|0.0|rfsa-us-west1-n1-highcpu-4-17273,node-1:[default/step-load-7d6dd98f99-826tk|default/step-load-7d6dd98f99-kl7rt|default/step-load-7d6dd98f99-l58sq|default/step-load-7d6dd98f99-v5ndg];pack-us-east1-n4-highcpu-4-25722:[default/mbw-dlpz2|default/nginx-7b6d77bd77-2rszv|default/nginx-7b6d77bd77-8mrnx|default/nginx-7b6d77bd77-drx2p|default/nginx-7b6d77bd77-mn2ct|default/step-load-7d6dd98f99-2mjbf|default/step-load-7d6dd98f99-9vc4d|default/step-load-7d6dd98f99-crtsd];pack-us-west1-n1-highcpu-8-22683:[default/nginx-7b6d77bd77-5wsmc|default/nginx-7b6d77bd77-gmx2g|default/renaissance-58wrf|default/renaissance-sjzqz|default/step-load-7d6dd98f99-d7rfp|default/step-load-7d6dd98f99-dhxh6];rfsa-us-east4-n4-highcpu-2-45110:[default/nginx-7b6d77bd77-2mvrf|default/step-load-7d6dd98f99-9nx6j];rfsa-us-west1-n1-highcpu-4-17273:[default/renaissance-st4kb|default/step-load-7d6dd98f99-k7pv9]
2025-05-14T07:16:03.896499,16,incremental,3.4048,0.0800,0.3208,0.2778,6,australia-southeast2|e2-standard-4|0.0|node-1;us-east1|n4-highcpu-4|0.0|pack-us-east1-n4-highcpu-4-25722;us-west1|n1-highcpu-8|0.0|pack-us-west1-n1-highcpu-8-22683;us-east4|n4-highcpu-2|0.0|rfsa-us-east4-n4-highcpu-2-45110;us-west1|n1-highcpu-4|0.0|rfsa-us-west1-n1-highcpu-4-17273;us-east1|n4-highcpu-2|0.079964|rfsa-us-east1-n4-highcpu-2-41968,node-1:[default/step-load-7d6dd98f99-sf2dq|default/step-load-7d6dd98f99-l58sq|default/step-load-7d6dd98f99-9nx6j];pack-us-east1-n4-highcpu-4-25722:[default/mbw-dlpz2|default/step-load-7d6dd98f99-9vc4d|default/step-load-7d6dd98f99-k7pv9|default/step-load-7d6dd98f99-crtsd|default/step-load-7d6dd98f99-2mjbf|default/nginx-7b6d77bd77-drx2p|default/nginx-7b6d77bd77-5wsmc];pack-us-west1-n1-highcpu-8-22683:[default/renaissance-58wrf|default/renaissance-sjzqz|default/step-load-7d6dd98f99-kl7rt|default/step-load-7d6dd98f99-dhxh6|default/step-load-7d6dd98f99-v5ndg];rfsa-us-east4-n4-highcpu-2-45110:[default/mbw-ffmfr|default/nginx-7b6d77bd77-2mvrf|default/step-load-7d6dd98f99-d7rfp];rfsa-us-west1-n1-highcpu-4-17273:[default/renaissance-st4kb|default/step-load-7d6dd98f99-826tk];rfsa-us-east1-n4-highcpu-2-41968:[default/mbw-p7rtl|default/nginx-7b6d77bd77-gmx2g|default/nginx-7b6d77bd77-8mrnx|default/nginx-7b6d77bd77-2rszv|default/nginx-7b6d77bd77-mn2ct]
2025-05-14T07:17:38.050294,17,full,2.6731,0.0000,0.0813,0.2800,5,australia-southeast2|e2-standard-4|0.0|node-1;us-east1|n4-highcpu-4|0.0|pack-us-east1-n4-highcpu-4-25722;us-west1|n1-highcpu-8|0.0|pack-us-west1-n1-highcpu-8-22683;us-east4|n4-highcpu-2|0.0|rfsa-us-east4-n4-highcpu-2-45110;us-west1|n1-highcpu-4|0.0|rfsa-us-west1-n1-highcpu-4-17273,node-1:[default/step-load-7d6dd98f99-9vc4d|default/step-load-7d6dd98f99-dhxh6];pack-us-east1-n4-highcpu-4-25722:[default/mbw-dlpz2|default/mbw-vjrs4|default/step-load-7d6dd98f99-d7rfp|default/nginx-7b6d77bd77-mn2ct];pack-us-west1-n1-highcpu-8-22683:[default/renaissance-58wrf|default/renaissance-8kjgg|default/step-load-7d6dd98f99-9nx6j|default/nginx-7b6d77bd77-2rszv|default/nginx-7b6d77bd77-8mrnx|default/step-load-7d6dd98f99-crtsd];rfsa-us-east4-n4-highcpu-2-45110:[default/mbw-ffmfr|default/step-load-7d6dd98f99-k7pv9|default/nginx-7b6d77bd77-2mvrf];rfsa-us-west1-n1-highcpu-4-17273:[default/nginx-7b6d77bd77-drx2p|default/nginx-7b6d77bd77-5wsmc|default/nginx-7b6d77bd77-gmx2g]
2025-05-14T07:17:57.783388,18,incremental,2.8294,0.0000,0.8937,0.2800,5,australia-southeast2|e2-standard-4|0.0|node-1;us-east1|n4-highcpu-4|0.0|pack-us-east1-n4-highcpu-4-25722;us-west1|n1-highcpu-8|0.0|pack-us-west1-n1-highcpu-8-22683;us-east4|n4-highcpu-2|0.0|rfsa-us-east4-n4-highcpu-2-45110;us-west1|n1-highcpu-4|0.0|rfsa-us-west1-n1-highcpu-4-17273,node-1:[];pack-us-east1-n4-highcpu-4-25722:[default/mbw-dlpz2|default/mbw-vjrs4|default/nginx-7b6d77bd77-2rszv|default/nginx-7b6d77bd77-8mrnx|default/nginx-7b6d77bd77-drx2p|default/step-load-7d6dd98f99-9vc4d|default/step-load-7d6dd98f99-crtsd];pack-us-west1-n1-highcpu-8-22683:[default/nginx-7b6d77bd77-5wsmc|default/nginx-7b6d77bd77-gmx2g|default/renaissance-8kjgg|default/step-load-7d6dd98f99-d7rfp|default/step-load-7d6dd98f99-dhxh6|default/mbw-mhxrv];rfsa-us-east4-n4-highcpu-2-45110:[default/mbw-ffmfr|default/nginx-7b6d77bd77-2mvrf|default/step-load-7d6dd98f99-9nx6j];rfsa-us-west1-n1-highcpu-4-17273:[default/step-load-7d6dd98f99-k7pv9|default/renaissance-4gltp]
2025-05-14T07:20:57.134716,19,incremental,2.9169,0.0000,1.0687,0.2800,5,australia-southeast2|e2-standard-4|0.0|node-1;us-east1|n4-highcpu-4|0.0|pack-us-east1-n4-highcpu-4-25722;us-west1|n1-highcpu-8|0.0|pack-us-west1-n1-highcpu-8-22683;us-east4|n4-highcpu-2|0.0|rfsa-us-east4-n4-highcpu-2-45110;us-west1|n1-highcpu-4|0.0|rfsa-us-west1-n1-highcpu-4-17273,node-1:[];pack-us-east1-n4-highcpu-4-25722:[default/mbw-vjrs4|default/nginx-7b6d77bd77-2rszv|default/nginx-7b6d77bd77-8mrnx|default/step-load-7d6dd98f99-9vc4d|default/step-load-7d6dd98f99-crtsd];pack-us-west1-n1-highcpu-8-22683:[default/mbw-mhxrv|default/nginx-7b6d77bd77-5wsmc|default/nginx-7b6d77bd77-gmx2g|default/renaissance-8kjgg|default/step-load-7d6dd98f99-d7rfp|default/step-load-7d6dd98f99-dhxh6|default/mbw-lc88r];rfsa-us-east4-n4-highcpu-2-45110:[default/mbw-ffmfr|default/nginx-7b6d77bd77-2mvrf|default/step-load-7d6dd98f99-9nx6j];rfsa-us-west1-n1-highcpu-4-17273:[default/renaissance-4gltp|default/step-load-7d6dd98f99-k7pv9]
2025-05-14T07:23:30.848169,20,consolidate,1.8844,0.0000,0.7037,0.3333,3,australia-southeast2|e2-standard-4|0.0|node-1;us-west1|n1-highcpu-8|0.0|pack-us-west1-n1-highcpu-8-22683;us-east4|n4-highcpu-2|0.0|rfsa-us-east4-n4-highcpu-2-45110,node-1:[];pack-us-west1-n1-highcpu-8-22683:[default/mbw-lc88r|default/mbw-mhxrv|default/nginx-7b6d77bd77-5wsmc|default/nginx-7b6d77bd77-gmx2g|default/renaissance-8kjgg|default/step-load-7d6dd98f99-d7rfp|default/step-load-7d6dd98f99-dhxh6];rfsa-us-east4-n4-highcpu-2-45110:[default/mbw-ffmfr|default/nginx-7b6d77bd77-2mvrf|default/step-load-7d6dd98f99-9nx6j]
2025-05-14T07:25:49.042847,20,incremental,2.2872,0.1417,0.3167,0.2500,4,australia-southeast2|e2-standard-4|0.0|node-1;us-west1|n1-highcpu-8|0.0|pack-us-west1-n1-highcpu-8-22683;us-east4|n4-highcpu-2|0.0|rfsa-us-east4-n4-highcpu-2-45110;us-east1|n1-highcpu-4|0.141696|rfsa-us-east1-n1-highcpu-4-34421,node-1:[default/mbw-9j4dr];pack-us-west1-n1-highcpu-8-22683:[default/mbw-lc88r|default/mbw-mhxrv|default/nginx-7b6d77bd77-5wsmc|default/nginx-7b6d77bd77-gmx2g|default/renaissance-8kjgg|default/step-load-7d6dd98f99-d7rfp|default/step-load-7d6dd98f99-dhxh6|default/step-load-7d6dd98f99-nczcg|default/step-load-7d6dd98f99-nt8hl|default/nginx-7b6d77bd77-qr6pl];rfsa-us-east4-n4-highcpu-2-45110:[default/mbw-ffmfr|default/nginx-7b6d77bd77-2mvrf|default/step-load-7d6dd98f99-9nx6j];rfsa-us-east1-n1-highcpu-4-34421:[default/renaissance-5j262|default/step-load-7d6dd98f99-j6rk6|default/nginx-7b6d77bd77-gksch]
2025-05-14T07:27:14.441986,21,incremental,2.5242,0.0000,1.1113,0.2500,4,australia-southeast2|e2-standard-4|0.0|node-1;us-west1|n1-highcpu-8|0.0|pack-us-west1-n1-highcpu-8-22683;us-east1|n1-highcpu-4|0.0|rfsa-us-east1-n1-highcpu-4-34421;us-east4|n4-highcpu-2|0.0|rfsa-us-east4-n4-highcpu-2-45110,node-1:[default/mbw-9j4dr];pack-us-west1-n1-highcpu-8-22683:[default/mbw-lc88r|default/mbw-mhxrv|default/nginx-7b6d77bd77-5wsmc|default/nginx-7b6d77bd77-gmx2g|default/nginx-7b6d77bd77-qr6pl|default/renaissance-8kjgg|default/step-load-7d6dd98f99-d7rfp|default/step-load-7d6dd98f99-dhxh6|default/step-load-7d6dd98f99-nczcg|default/step-load-7d6dd98f99-nt8hl];rfsa-us-east1-n1-highcpu-4-34421:[default/step-load-7d6dd98f99-j6rk6];rfsa-us-east4-n4-highcpu-2-45110:[default/nginx-7b6d77bd77-2mvrf|default/step-load-7d6dd98f99-9nx6j|default/mbw-p59kk]
2025-05-14T07:28:15.116368,22,incremental,2.1367,0.0000,0.2862,0.2500,4,australia-southeast2|e2-standard-4|0.0|node-1;us-west1|n1-highcpu-8|0.0|pack-us-west1-n1-highcpu-8-22683;us-east1|n1-highcpu-4|0.0|rfsa-us-east1-n1-highcpu-4-34421;us-east4|n4-highcpu-2|0.0|rfsa-us-east4-n4-highcpu-2-45110,node-1:[default/mbw-9j4dr|default/nginx-7b6d77bd77-zwf8c];pack-us-west1-n1-highcpu-8-22683:[default/mbw-lc88r|default/mbw-mhxrv|default/nginx-7b6d77bd77-5wsmc|default/nginx-7b6d77bd77-gmx2g|default/nginx-7b6d77bd77-qr6pl|default/renaissance-8kjgg|default/step-load-7d6dd98f99-d7rfp|default/step-load-7d6dd98f99-dhxh6|default/step-load-7d6dd98f99-nczcg|default/step-load-7d6dd98f99-nt8hl];rfsa-us-east1-n1-highcpu-4-34421:[default/renaissance-5j262|default/step-load-7d6dd98f99-j6rk6];rfsa-us-east4-n4-highcpu-2-45110:[default/mbw-p59kk|default/nginx-7b6d77bd77-2mvrf|default/step-load-7d6dd98f99-9nx6j]
2025-05-14T07:29:15.345882,23,incremental,2.1367,0.0000,0.2362,0.2500,4,australia-southeast2|e2-standard-4|0.0|node-1;us-west1|n1-highcpu-8|0.0|pack-us-west1-n1-highcpu-8-22683;us-east1|n1-highcpu-4|0.0|rfsa-us-east1-n1-highcpu-4-34421;us-east4|n4-highcpu-2|0.0|rfsa-us-east4-n4-highcpu-2-45110,node-1:[default/mbw-9j4dr|default/nginx-7b6d77bd77-zwf8c|default/nginx-7b6d77bd77-t77sk];pack-us-west1-n1-highcpu-8-22683:[default/mbw-lc88r|default/nginx-7b6d77bd77-5wsmc|default/nginx-7b6d77bd77-gmx2g|default/nginx-7b6d77bd77-qr6pl|default/renaissance-8kjgg|default/step-load-7d6dd98f99-d7rfp|default/step-load-7d6dd98f99-dhxh6|default/step-load-7d6dd98f99-nczcg|default/step-load-7d6dd98f99-nt8hl|default/mbw-wjqvx];rfsa-us-east1-n1-highcpu-4-34421:[default/renaissance-5j262|default/step-load-7d6dd98f99-j6rk6];rfsa-us-east4-n4-highcpu-2-45110:[default/mbw-p59kk|default/nginx-7b6d77bd77-2mvrf|default/step-load-7d6dd98f99-9nx6j]
2025-05-14T07:32:34.328717,24,consolidate,1.8237,0.0000,0.2325,0.3333,3,australia-southeast2|e2-standard-4|0.0|node-1;us-east1|n1-highcpu-4|0.0|rfsa-us-east1-n1-highcpu-4-34421;us-east4|n4-highcpu-2|0.0|rfsa-us-east4-n4-highcpu-2-45110,node-1:[default/mbw-9j4dr|default/nginx-7b6d77bd77-t77sk|default/nginx-7b6d77bd77-zwf8c];rfsa-us-east1-n1-highcpu-4-34421:[default/renaissance-5j262|default/step-load-7d6dd98f99-j6rk6];rfsa-us-east4-n4-highcpu-2-45110:[default/mbw-p59kk|default/nginx-7b6d77bd77-2mvrf|default/step-load-7d6dd98f99-9nx6j]
2025-05-14T07:35:02.787772,24,incremental,3.2062,0.2074,0.4009,0.4400,5,australia-southeast2|e2-standard-4|0.0|node-1;us-east1|n1-highcpu-4|0.0|rfsa-us-east1-n1-highcpu-4-34421;us-east4|n4-highcpu-2|0.0|rfsa-us-east4-n4-highcpu-2-45110;us-east1|n1-standard-1|0.0475|rfsa-us-east1-n1-standard-1-92535;us-east1|n4-highcpu-4|0.159928|pack-us-west1-n4-highcpu-4-30367,node-1:[default/mbw-9j4dr|default/nginx-7b6d77bd77-t77sk|default/nginx-7b6d77bd77-zwf8c|default/step-load-7d6dd98f99-pb2bn];rfsa-us-east1-n1-highcpu-4-34421:[default/renaissance-5j262|default/step-load-7d6dd98f99-j6rk6];rfsa-us-east4-n4-highcpu-2-45110:[default/mbw-p59kk|default/nginx-7b6d77bd77-2mvrf|default/step-load-7d6dd98f99-9nx6j];rfsa-us-east1-n1-standard-1-92535:[default/step-load-7d6dd98f99-psx9t|default/nginx-7b6d77bd77-brxzn];pack-us-west1-n4-highcpu-4-30367:[default/mbw-68t2w|default/step-load-7d6dd98f99-7c572|default/nginx-7b6d77bd77-hwgjb|default/mbw-lv6s8|default/step-load-7d6dd98f99-4pgtt|default/nginx-7b6d77bd77-cr5kp]
2025-05-14T07:36:30.185615,25,full,2.7925,0.0000,0.0950,0.4400,5,australia-southeast2|e2-standard-4|0.0|node-1;us-east1|n4-highcpu-4|0.0|pack-us-west1-n4-highcpu-4-30367;us-east1|n1-highcpu-4|0.0|rfsa-us-east1-n1-highcpu-4-34421;us-east1|n1-standard-1|0.0|rfsa-us-east1-n1-standard-1-92535;us-east4|n4-highcpu-2|0.0|rfsa-us-east4-n4-highcpu-2-45110,node-1:[default/step-load-7d6dd98f99-pb2bn|default/mbw-x9d4k|default/nginx-7b6d77bd77-brxzn|default/nginx-7b6d77bd77-t77sk|default/nginx-7b6d77bd77-2mvrf];pack-us-west1-n4-highcpu-4-30367:[default/mbw-68t2w|default/mbw-lv6s8|default/step-load-7d6dd98f99-4pgtt|default/step-load-7d6dd98f99-7c572|default/nginx-7b6d77bd77-zwf8c|default/step-load-7d6dd98f99-8vjgb];rfsa-us-east1-n1-highcpu-4-34421:[default/renaissance-5j262|default/step-load-7d6dd98f99-j6rk6];rfsa-us-east1-n1-standard-1-92535:[default/step-load-7d6dd98f99-psx9t|default/nginx-7b6d77bd77-hwgjb];rfsa-us-east4-n4-highcpu-2-45110:[default/mbw-p59kk|default/step-load-7d6dd98f99-9nx6j|default/nginx-7b6d77bd77-cr5kp]
2025-05-14T07:39:27.548610,26,incremental,3.4925,0.0475,0.4465,0.3333,6,australia-southeast2|e2-standard-4|0.0|node-1;us-east1|n4-highcpu-4|0.0|pack-us-west1-n4-highcpu-4-30367;us-east1|n1-highcpu-4|0.0|rfsa-us-east1-n1-highcpu-4-34421;us-east1|n1-standard-1|0.0|rfsa-us-east1-n1-standard-1-92535;us-east4|n4-highcpu-2|0.0|rfsa-us-east4-n4-highcpu-2-45110;us-west1|n1-standard-1|0.0475|rfsa-us-west1-n1-standard-1-82081,node-1:[default/mbw-x9d4k|default/step-load-7d6dd98f99-pb2bn];pack-us-west1-n4-highcpu-4-30367:[default/mbw-68t2w|default/mbw-lv6s8|default/nginx-7b6d77bd77-hwgjb|default/step-load-7d6dd98f99-4pgtt|default/step-load-7d6dd98f99-7c572|default/step-load-7d6dd98f99-psx9t];rfsa-us-east1-n1-highcpu-4-34421:[default/renaissance-5j262|default/nginx-7b6d77bd77-zwf8c|default/nginx-7b6d77bd77-t77sk];rfsa-us-east1-n1-standard-1-92535:[default/nginx-7b6d77bd77-2mvrf|default/step-load-7d6dd98f99-j6rk6];rfsa-us-east4-n4-highcpu-2-45110:[default/mbw-p59kk|default/step-load-7d6dd98f99-9nx6j|default/nginx-7b6d77bd77-brxzn];rfsa-us-west1-n1-standard-1-82081:[default/step-load-7d6dd98f99-c7tfj|default/nginx-7b6d77bd77-cr5kp]
2025-05-14T07:39:48.111301,27,incremental,3.6350,0.0000,1.3250,0.3333,6,australia-southeast2|e2-standard-4|0.0|node-1;us-east1|n4-highcpu-4|0.0|pack-us-west1-n4-highcpu-4-30367;us-east1|n1-highcpu-4|0.0|rfsa-us-east1-n1-highcpu-4-34421;us-east1|n1-standard-1|0.0|rfsa-us-east1-n1-standard-1-92535;us-east4|n4-highcpu-2|0.0|rfsa-us-east4-n4-highcpu-2-45110;us-west1|n1-standard-1|0.0|rfsa-us-west1-n1-standard-1-82081,node-1:[];pack-us-west1-n4-highcpu-4-30367:[default/mbw-x9d4k|default/step-load-7d6dd98f99-pb2bn|default/nginx-7b6d77bd77-zwf8c];rfsa-us-east1-n1-highcpu-4-34421:[default/step-load-7d6dd98f99-psx9t|default/nginx-7b6d77bd77-2mvrf|default/step-load-7d6dd98f99-7c572|default/step-load-7d6dd98f99-4pgtt|default/nginx-7b6d77bd77-t77sk|default/mbw-lv6s8];rfsa-us-east1-n1-standard-1-92535:[default/nginx-7b6d77bd77-hwgjb|default/step-load-7d6dd98f99-j6rk6];rfsa-us-east4-n4-highcpu-2-45110:[default/mbw-68t2w|default/step-load-7d6dd98f99-vf9dx|default/nginx-7b6d77bd77-brxzn];rfsa-us-west1-n1-standard-1-82081:[default/nginx-7b6d77bd77-cr5kp|default/step-load-7d6dd98f99-9nx6j]
2025-05-14T07:48:00.945706,28,consolidate,0.4000,0.0000,0.3100,1.0000,1,australia-southeast2|e2-standard-4|0.0|node-1,node-1:[default/nginx-7b6d77bd77-t77sk|default/nginx-7b6d77bd77-zwf8c|default/step-load-7d6dd98f99-pb2bn]
2025-05-14T07:51:38.001055,28,full,2.7412,0.5051,0.1609,0.2500,4,australia-southeast2|e2-standard-4|0.0|node-1;us-west1|n1-highcpu-4|0.141696|rfsa-us-west1-n1-highcpu-4-57630;us-east4|n4-highcpu-2|0.079964|rfsa-us-east4-n4-highcpu-2-57655;us-east1|n1-highcpu-8|0.283395|pack-us-east1-n1-highcpu-8-45531,node-1:[default/mbw-c45dd|default/step-load-7d6dd98f99-4whqd|default/step-load-7d6dd98f99-5m2tb];rfsa-us-west1-n1-highcpu-4-57630:[default/renaissance-bq95q|default/step-load-7d6dd98f99-pb2bn|default/nginx-7b6d77bd77-67742];rfsa-us-east4-n4-highcpu-2-57655:[default/mbw-spdh4|default/nginx-7b6d77bd77-zwf8c|default/step-load-7d6dd98f99-lb7s2];pack-us-east1-n1-highcpu-8-45531:[default/renaissance-6fd9f|default/nginx-7b6d77bd77-678d5|default/step-load-7d6dd98f99-gnb9n|default/renaissance-bbm7p|default/step-load-7d6dd98f99-6fc8g|default/nginx-7b6d77bd77-t77sk]
2025-05-14T07:51:55.665554,29,incremental,3.3680,0.0000,2.5137,0.2500,4,australia-southeast2|e2-standard-4|0.0|node-1;us-east1|n1-highcpu-8|0.0|pack-us-east1-n1-highcpu-8-45531;us-east4|n4-highcpu-2|0.0|rfsa-us-east4-n4-highcpu-2-57655;us-west1|n1-highcpu-4|0.0|rfsa-us-west1-n1-highcpu-4-57630,node-1:[default/mbw-c45dd|default/nginx-7b6d77bd77-t77sk|default/nginx-7b6d77bd77-zwf8c|default/step-load-7d6dd98f99-4whqd|default/step-load-7d6dd98f99-5m2tb|default/step-load-7d6dd98f99-pb2bn];pack-us-east1-n1-highcpu-8-45531:[];rfsa-us-east4-n4-highcpu-2-57655:[];rfsa-us-west1-n1-highcpu-4-57630:[default/step-load-7d6dd98f99-ldkmn|default/step-load-7d6dd98f99-qlvsw]
2025-05-14T07:52:56.570758,30,incremental,2.1367,0.0000,0.0512,0.2500,4,australia-southeast2|e2-standard-4|0.0|node-1;us-east1|n1-highcpu-8|0.0|pack-us-east1-n1-highcpu-8-45531;us-east4|n4-highcpu-2|0.0|rfsa-us-east4-n4-highcpu-2-57655;us-west1|n1-highcpu-4|0.0|rfsa-us-west1-n1-highcpu-4-57630,node-1:[default/mbw-c45dd|default/nginx-7b6d77bd77-t77sk|default/nginx-7b6d77bd77-zwf8c|default/step-load-7d6dd98f99-4whqd|default/step-load-7d6dd98f99-5m2tb|default/step-load-7d6dd98f99-pb2bn];pack-us-east1-n1-highcpu-8-45531:[default/renaissance-6fd9f|default/renaissance-bbm7p|default/step-load-7d6dd98f99-6fc8g|default/step-load-7d6dd98f99-gnb9n|default/step-load-7d6dd98f99-88vj9];rfsa-us-east4-n4-highcpu-2-57655:[default/mbw-spdh4|default/step-load-7d6dd98f99-lb7s2|default/nginx-7b6d77bd77-h26j2];rfsa-us-west1-n1-highcpu-4-57630:[default/renaissance-bq95q|default/step-load-7d6dd98f99-ldkmn]
2025-05-14T07:56:09.999702,31,incremental,3.1465,0.0708,0.8350,0.2800,5,australia-southeast2|e2-standard-4|0.0|node-1;us-east1|n1-highcpu-8|0.0|pack-us-east1-n1-highcpu-8-45531;us-east4|n4-highcpu-2|0.0|rfsa-us-east4-n4-highcpu-2-57655;us-west1|n1-highcpu-4|0.0|rfsa-us-west1-n1-highcpu-4-57630;us-west1|n1-highcpu-2|0.070848|rfsa-us-west1-n1-highcpu-2-86680,node-1:[default/mbw-c45dd|default/nginx-7b6d77bd77-t77sk|default/nginx-7b6d77bd77-zwf8c|default/step-load-7d6dd98f99-4whqd|default/step-load-7d6dd98f99-5m2tb|default/step-load-7d6dd98f99-pb2bn];pack-us-east1-n1-highcpu-8-45531:[default/renaissance-6fd9f|default/renaissance-bbm7p|default/step-load-7d6dd98f99-6fc8g|default/step-load-7d6dd98f99-88vj9|default/step-load-7d6dd98f99-gnb9n];rfsa-us-east4-n4-highcpu-2-57655:[default/mbw-spdh4|default/nginx-7b6d77bd77-h26j2|default/step-load-7d6dd98f99-lb7s2];rfsa-us-west1-n1-highcpu-4-57630:[default/renaissance-bq95q|default/step-load-7d6dd98f99-ldkmn];rfsa-us-west1-n1-highcpu-2-86680:[default/nginx-7b6d77bd77-cg7tj|default/nginx-7b6d77bd77-h2hsb]
2025-05-14T08:01:41.711825,32,consolidate,1.8237,0.0000,0.2325,0.3333,3,australia-southeast2|e2-standard-4|0.0|node-1;us-east4|n4-highcpu-2|0.0|rfsa-us-east4-n4-highcpu-2-57655;us-west1|n1-highcpu-4|0.0|rfsa-us-west1-n1-highcpu-4-57630,node-1:[default/nginx-7b6d77bd77-t77sk|default/nginx-7b6d77bd77-zwf8c|default/step-load-7d6dd98f99-5m2tb|default/step-load-7d6dd98f99-pb2bn];rfsa-us-east4-n4-highcpu-2-57655:[default/mbw-spdh4|default/nginx-7b6d77bd77-h26j2|default/step-load-7d6dd98f99-lb7s2];rfsa-us-west1-n1-highcpu-4-57630:[default/renaissance-bq95q|default/step-load-7d6dd98f99-ldkmn]
2025-05-14T08:04:01.536597,32,incremental,2.5058,0.2834,0.3917,0.2500,4,australia-southeast2|e2-standard-4|0.0|node-1;us-east4|n4-highcpu-2|0.0|rfsa-us-east4-n4-highcpu-2-57655;us-west1|n1-highcpu-4|0.0|rfsa-us-west1-n1-highcpu-4-57630;us-east1|n1-highcpu-8|0.283395|pack-us-east1-n1-highcpu-8-75674,node-1:[default/nginx-7b6d77bd77-t77sk|default/nginx-7b6d77bd77-zwf8c|default/step-load-7d6dd98f99-5m2tb|default/step-load-7d6dd98f99-pb2bn];rfsa-us-east4-n4-highcpu-2-57655:[default/mbw-spdh4|default/nginx-7b6d77bd77-h26j2|default/step-load-7d6dd98f99-lb7s2];rfsa-us-west1-n1-highcpu-4-57630:[default/renaissance-bq95q|default/step-load-7d6dd98f99-ldkmn];pack-us-east1-n1-highcpu-8-75674:[default/renaissance-9ftzh|default/renaissance-9szc5|default/nginx-7b6d77bd77-9n4kv|default/nginx-7b6d77bd77-t27cv]
2025-05-14T08:07:15.365293,33,full,2.3698,0.1599,0.1994,0.2500,4,australia-southeast2|e2-standard-4|0.0|node-1;us-east4|n4-highcpu-2|0.0|rfsa-us-east4-n4-highcpu-2-57655;us-west1|n1-highcpu-4|0.0|rfsa-us-west1-n1-highcpu-4-57630;us-east1|n4-highcpu-4|0.159928|pack-us-west1-n4-highcpu-4-52174,node-1:[default/mbw-p2wqj|default/mbw-lkb8p];rfsa-us-east4-n4-highcpu-2-57655:[default/step-load-7d6dd98f99-lb7s2|default/nginx-7b6d77bd77-h26j2];rfsa-us-west1-n1-highcpu-4-57630:[default/renaissance-bq95q|default/step-load-7d6dd98f99-ldkmn];pack-us-west1-n4-highcpu-4-52174:[default/mbw-v28ps|default/nginx-7b6d77bd77-zwf8c|default/step-load-7d6dd98f99-pb2bn|default/mbw-6vzbz|default/step-load-7d6dd98f99-5m2tb|default/nginx-7b6d77bd77-t77sk]
2025-05-14T08:09:31.843830,34,incremental,2.9567,0.1417,0.3484,0.2800,5,australia-southeast2|e2-standard-4|0.0|node-1;us-east1|n4-highcpu-4|0.0|pack-us-west1-n4-highcpu-4-52174;us-east4|n4-highcpu-2|0.0|rfsa-us-east4-n4-highcpu-2-57655;us-west1|n1-highcpu-4|0.0|rfsa-us-west1-n1-highcpu-4-57630;us-west1|n1-highcpu-4|0.141696|rfsa-us-west1-n1-highcpu-4-18673,node-1:[default/mbw-lkb8p|default/nginx-7b6d77bd77-t77sk|default/nginx-7b6d77bd77-zwf8c|default/step-load-7d6dd98f99-5m2tb|default/step-load-7d6dd98f99-pb2bn];pack-us-west1-n4-highcpu-4-52174:[default/renaissance-gfvmf];rfsa-us-east4-n4-highcpu-2-57655:[default/nginx-7b6d77bd77-h26j2|default/step-load-7d6dd98f99-lb7s2|default/mbw-8fmz7];rfsa-us-west1-n1-highcpu-4-57630:[default/step-load-7d6dd98f99-ldkmn|default/renaissance-62rvb];rfsa-us-west1-n1-highcpu-4-18673:[default/renaissance-ngf8k|default/nginx-7b6d77bd77-8m9r7|default/nginx-7b6d77bd77-j2rp2]
2025-05-14T08:09:48.824665,35,incremental,2.9688,0.0000,0.6900,0.2800,5,australia-southeast2|e2-standard-4|0.0|node-1;us-east1|n4-highcpu-4|0.0|pack-us-west1-n4-highcpu-4-52174;us-east4|n4-highcpu-2|0.0|rfsa-us-east4-n4-highcpu-2-57655;us-west1|n1-highcpu-4|0.0|rfsa-us-west1-n1-highcpu-4-18673;us-west1|n1-highcpu-4|0.0|rfsa-us-west1-n1-highcpu-4-57630,node-1:[default/mbw-lkb8p|default/nginx-7b6d77bd77-t77sk|default/nginx-7b6d77bd77-zwf8c|default/step-load-7d6dd98f99-5m2tb|default/step-load-7d6dd98f99-pb2bn];pack-us-west1-n4-highcpu-4-52174:[default/mbw-6vzbz|default/mbw-v28ps];rfsa-us-east4-n4-highcpu-2-57655:[default/mbw-8fmz7|default/nginx-7b6d77bd77-h26j2|default/step-load-7d6dd98f99-lb7s2];rfsa-us-west1-n1-highcpu-4-18673:[default/renaissance-jpf82];rfsa-us-west1-n1-highcpu-4-57630:[default/renaissance-62rvb|default/step-load-7d6dd98f99-ldkmn]
2025-05-14T08:10:49.210699,36,incremental,2.9188,0.0000,0.5900,0.2800,5,australia-southeast2|e2-standard-4|0.0|node-1;us-east1|n4-highcpu-4|0.0|pack-us-west1-n4-highcpu-4-52174;us-east4|n4-highcpu-2|0.0|rfsa-us-east4-n4-highcpu-2-57655;us-west1|n1-highcpu-4|0.0|rfsa-us-west1-n1-highcpu-4-18673;us-west1|n1-highcpu-4|0.0|rfsa-us-west1-n1-highcpu-4-57630,node-1:[default/mbw-lkb8p|default/nginx-7b6d77bd77-t77sk|default/nginx-7b6d77bd77-zwf8c|default/step-load-7d6dd98f99-5m2tb|default/step-load-7d6dd98f99-pb2bn];pack-us-west1-n4-highcpu-4-52174:[default/mbw-6vzbz|default/mbw-v28ps];rfsa-us-east4-n4-highcpu-2-57655:[default/mbw-8fmz7|default/nginx-7b6d77bd77-h26j2|default/step-load-7d6dd98f99-lb7s2];rfsa-us-west1-n1-highcpu-4-18673:[default/nginx-7b6d77bd77-8m9r7|default/nginx-7b6d77bd77-j2rp2|default/renaissance-7gb2x];rfsa-us-west1-n1-highcpu-4-57630:[default/renaissance-62rvb|default/step-load-7d6dd98f99-ldkmn]
2025-05-14T08:14:59.145562,37,full,3.0029,0.1417,0.3399,0.3600,5,australia-southeast2|e2-standard-4|0.0|node-1;us-east1|n4-highcpu-4|0.0|pack-us-west1-n4-highcpu-4-52174;us-west1|n1-highcpu-4|0.0|rfsa-us-west1-n1-highcpu-4-18673;us-west1|n1-highcpu-4|0.0|rfsa-us-west1-n1-highcpu-4-57630;us-east1|n1-highcpu-4|0.141696|rfsa-us-east1-n1-highcpu-4-52009,node-1:[default/mbw-lkb8p|default/nginx-7b6d77bd77-zwf8c|default/mbw-8fmz7|default/nginx-7b6d77bd77-h26j2];pack-us-west1-n4-highcpu-4-52174:[default/mbw-6vzbz|default/step-load-7d6dd98f99-ldkmn|default/step-load-7d6dd98f99-lb7s2|default/nginx-7b6d77bd77-j2rp2|default/mbw-v28ps|default/nginx-7b6d77bd77-t77sk];rfsa-us-west1-n1-highcpu-4-18673:[default/renaissance-ngf8k|default/nginx-7b6d77bd77-8m9r7];rfsa-us-west1-n1-highcpu-4-57630:[default/renaissance-62rvb|default/step-load-7d6dd98f99-pb2bn];rfsa-us-east1-n1-highcpu-4-52009:[default/renaissance-9vhmz|default/step-load-7d6dd98f99-5m2tb]
2025-05-14T08:15:19.132015,38,incremental,3.2150,0.0000,1.0825,0.3600,5,australia-southeast2|e2-standard-4|0.0|node-1;us-east1|n4-highcpu-4|0.0|pack-us-west1-n4-highcpu-4-52174;us-east1|n1-highcpu-4|0.0|rfsa-us-east1-n1-highcpu-4-52009;us-west1|n1-highcpu-4|0.0|rfsa-us-west1-n1-highcpu-4-18673;us-west1|n1-highcpu-4|0.0|rfsa-us-west1-n1-highcpu-4-57630,node-1:[default/mbw-lkb8p|default/nginx-7b6d77bd77-t77sk|default/nginx-7b6d77bd77-zwf8c|default/step-load-7d6dd98f99-5m2tb|default/step-load-7d6dd98f99-pb2bn];pack-us-west1-n4-highcpu-4-52174:[default/mbw-6vzbz|default/mbw-v28ps];rfsa-us-east1-n1-highcpu-4-52009:[default/mbw-hphnp|default/step-load-7d6dd98f99-4tjcz];rfsa-us-west1-n1-highcpu-4-18673:[default/nginx-7b6d77bd77-8m9r7|default/nginx-7b6d77bd77-j2rp2|default/renaissance-ngf8k|default/nginx-7b6d77bd77-wvzj9];rfsa-us-west1-n1-highcpu-4-57630:[default/renaissance-62rvb|default/step-load-7d6dd98f99-ldkmn]
2025-05-14T08:18:29.895815,39,incremental,3.5095,0.0475,0.4090,0.3889,6,australia-southeast2|e2-standard-4|0.0|node-1;us-east1|n4-highcpu-4|0.0|pack-us-west1-n4-highcpu-4-52174;us-east1|n1-highcpu-4|0.0|rfsa-us-east1-n1-highcpu-4-52009;us-west1|n1-highcpu-4|0.0|rfsa-us-west1-n1-highcpu-4-18673;us-west1|n1-highcpu-4|0.0|rfsa-us-west1-n1-highcpu-4-57630;us-west1|n1-standard-1|0.0475|rfsa-us-west1-n1-standard-1-80343,node-1:[default/mbw-lkb8p|default/step-load-7d6dd98f99-pb2bn|default/step-load-7d6dd98f99-wlnfm];pack-us-west1-n4-highcpu-4-52174:[default/mbw-6vzbz|default/mbw-v28ps|default/mbw-q5pjk|default/step-load-7d6dd98f99-m2dj2|default/nginx-7b6d77bd77-zwf8c];rfsa-us-east1-n1-highcpu-4-52009:[default/renaissance-9vhmz|default/step-load-7d6dd98f99-5m2tb];rfsa-us-west1-n1-highcpu-4-18673:[default/renaissance-ngf8k|default/step-load-7d6dd98f99-4tjcz];rfsa-us-west1-n1-highcpu-4-57630:[default/renaissance-62rvb|default/nginx-7b6d77bd77-t77sk|default/nginx-7b6d77bd77-j2rp2|default/nginx-7b6d77bd77-8m9r7];rfsa-us-west1-n1-standard-1-80343:[default/step-load-7d6dd98f99-ldkmn|default/nginx-7b6d77bd77-wvzj9]
2025-05-14T08:18:49.799501,40,incremental,3.3270,0.0000,0.5200,0.3889,6,australia-southeast2|e2-standard-4|0.0|node-1;us-east1|n4-highcpu-4|0.0|pack-us-west1-n4-highcpu-4-52174;us-east1|n1-highcpu-4|0.0|rfsa-us-east1-n1-highcpu-4-52009;us-west1|n1-highcpu-4|0.0|rfsa-us-west1-n1-highcpu-4-18673;us-west1|n1-highcpu-4|0.0|rfsa-us-west1-n1-highcpu-4-57630;us-west1|n1-standard-1|0.0|rfsa-us-west1-n1-standard-1-80343,node-1:[default/step-load-7d6dd98f99-wlnfm];pack-us-west1-n4-highcpu-4-52174:[default/mbw-99zst|default/mbw-l792c|default/step-load-7d6dd98f99-5m2tb|default/nginx-7b6d77bd77-j2rp2|default/mbw-q5pjk];rfsa-us-east1-n1-highcpu-4-52009:[default/renaissance-9vhmz|default/step-load-7d6dd98f99-4tjcz];rfsa-us-west1-n1-highcpu-4-18673:[default/renaissance-ngf8k|default/nginx-7b6d77bd77-8m9r7|default/nginx-7b6d77bd77-zwf8c|default/nginx-7b6d77bd77-t77sk];rfsa-us-west1-n1-highcpu-4-57630:[default/renaissance-62rvb|default/step-load-7d6dd98f99-pb2bn];rfsa-us-west1-n1-standard-1-80343:[default/step-load-7d6dd98f99-ldkmn|default/nginx-7b6d77bd77-wvzj9]
2025-05-14T08:21:04.080084,41,full,2.7650,0.0000,0.1900,0.3600,5,australia-southeast2|e2-standard-4|0.0|node-1;us-east1|n4-highcpu-4|0.0|pack-us-west1-n4-highcpu-4-52174;us-east1|n1-highcpu-4|0.0|rfsa-us-east1-n1-highcpu-4-52009;us-west1|n1-highcpu-4|0.0|rfsa-us-west1-n1-highcpu-4-18673;us-west1|n1-highcpu-4|0.0|rfsa-us-west1-n1-highcpu-4-57630,node-1:[default/nginx-7b6d77bd77-t77sk|default/nginx-7b6d77bd77-zwf8c|default/step-load-7d6dd98f99-5m2tb|default/step-load-7d6dd98f99-pb2bn|default/step-load-7d6dd98f99-wlnfm];pack-us-west1-n4-highcpu-4-52174:[default/mbw-99zst|default/mbw-l792c|default/mbw-q5pjk|default/step-load-7d6dd98f99-m2dj2];rfsa-us-east1-n1-highcpu-4-52009:[default/renaissance-9vhmz|default/step-load-7d6dd98f99-4tjcz];rfsa-us-west1-n1-highcpu-4-18673:[default/nginx-7b6d77bd77-8m9r7|default/nginx-7b6d77bd77-j2rp2|default/nginx-7b6d77bd77-wvzj9|default/renaissance-ngf8k];rfsa-us-west1-n1-highcpu-4-57630:[default/renaissance-62rvb|default/step-load-7d6dd98f99-ldkmn]
2025-05-14T08:23:04.876124,42,incremental,3.4030,0.0800,0.4461,0.2778,6,australia-southeast2|e2-standard-4|0.0|node-1;us-east1|n4-highcpu-4|0.0|pack-us-west1-n4-highcpu-4-52174;us-east1|n1-highcpu-4|0.0|rfsa-us-east1-n1-highcpu-4-52009;us-west1|n1-highcpu-4|0.0|rfsa-us-west1-n1-highcpu-4-18673;us-west1|n1-highcpu-4|0.0|rfsa-us-west1-n1-highcpu-4-57630;us-east4|n4-highcpu-2|0.079964|rfsa-us-east4-n4-highcpu-2-25824,node-1:[default/step-load-7d6dd98f99-5m2tb|default/step-load-7d6dd98f99-pb2bn];pack-us-west1-n4-highcpu-4-52174:[default/mbw-99zst|default/mbw-l792c|default/mbw-q5pjk|default/step-load-7d6dd98f99-wlnfm|default/nginx-7b6d77bd77-t77sk];rfsa-us-east1-n1-highcpu-4-52009:[default/renaissance-9vhmz|default/step-load-7d6dd98f99-4tjcz];rfsa-us-west1-n1-highcpu-4-18673:[default/renaissance-ngf8k|default/nginx-7b6d77bd77-8m9r7|default/nginx-7b6d77bd77-j2rp2|default/nginx-7b6d77bd77-wvzj9];rfsa-us-west1-n1-highcpu-4-57630:[default/renaissance-62rvb|default/step-load-7d6dd98f99-ldkmn];rfsa-us-east4-n4-highcpu-2-25824:[default/mbw-wq85f|default/nginx-7b6d77bd77-zwf8c|default/step-load-7d6dd98f99-m2dj2]
2025-05-14T08:23:25.019787,43,incremental,3.3055,0.0000,0.6300,0.2778,6,australia-southeast2|e2-standard-4|0.0|node-1;us-east1|n4-highcpu-4|0.0|pack-us-west1-n4-highcpu-4-52174;us-east1|n1-highcpu-4|0.0|rfsa-us-east1-n1-highcpu-4-52009;us-east4|n4-highcpu-2|0.0|rfsa-us-east4-n4-highcpu-2-25824;us-west1|n1-highcpu-4|0.0|rfsa-us-west1-n1-highcpu-4-18673;us-west1|n1-highcpu-4|0.0|rfsa-us-west1-n1-highcpu-4-57630,node-1:[default/nginx-7b6d77bd77-8m9r7|default/nginx-7b6d77bd77-t77sk];pack-us-west1-n4-highcpu-4-52174:[default/mbw-l792c|default/step-load-7d6dd98f99-4tjcz|default/mbw-99zst|default/step-load-7d6dd98f99-5m2tb|default/step-load-7d6dd98f99-pb2bn];rfsa-us-east1-n1-highcpu-4-52009:[default/renaissance-9vhmz|default/step-load-7d6dd98f99-wlnfm];rfsa-us-east4-n4-highcpu-2-25824:[default/step-load-7d6dd98f99-ldkmn|default/mbw-q5pjk|default/nginx-7b6d77bd77-zwf8c];rfsa-us-west1-n1-highcpu-4-18673:[default/renaissance-rswlf|default/step-load-7d6dd98f99-m2dj2];rfsa-us-west1-n1-highcpu-4-57630:[default/renaissance-j29l7|default/nginx-7b6d77bd77-j2rp2|default/nginx-7b6d77bd77-wvzj9]
2025-05-14T08:28:37.760715,44,consolidate,3.1525,0.0000,0.9650,0.3600,5,australia-southeast2|e2-standard-4|0.0|node-1;us-east1|n4-highcpu-4|0.0|pack-us-west1-n4-highcpu-4-52174;us-east1|n1-highcpu-4|0.0|rfsa-us-east1-n1-highcpu-4-52009;us-west1|n1-highcpu-4|0.0|rfsa-us-west1-n1-highcpu-4-18673;us-west1|n1-highcpu-4|0.0|rfsa-us-west1-n1-highcpu-4-57630,node-1:[default/nginx-7b6d77bd77-t77sk|default/nginx-7b6d77bd77-zwf8c|default/step-load-7d6dd98f99-5m2tb|default/step-load-7d6dd98f99-pb2bn|default/step-load-7d6dd98f99-wlnfm];pack-us-west1-n4-highcpu-4-52174:[default/mbw-99zst|default/mbw-l792c|default/mbw-q5pjk|default/step-load-7d6dd98f99-m2dj2];rfsa-us-east1-n1-highcpu-4-52009:[default/step-load-7d6dd98f99-4tjcz];rfsa-us-west1-n1-highcpu-4-18673:[default/nginx-7b6d77bd77-8m9r7|default/nginx-7b6d77bd77-j2rp2|default/nginx-7b6d77bd77-wvzj9|default/renaissance-rswlf];rfsa-us-west1-n1-highcpu-4-57630:[default/renaissance-j29l7|default/step-load-7d6dd98f99-ldkmn]
2025-05-14T08:28:54.241530,44,incremental,3.0275,0.0000,0.7150,0.3600,5,australia-southeast2|e2-standard-4|0.0|node-1;us-east1|n4-highcpu-4|0.0|pack-us-west1-n4-highcpu-4-52174;us-east1|n1-highcpu-4|0.0|rfsa-us-east1-n1-highcpu-4-52009;us-west1|n1-highcpu-4|0.0|rfsa-us-west1-n1-highcpu-4-18673;us-west1|n1-highcpu-4|0.0|rfsa-us-west1-n1-highcpu-4-57630,node-1:[default/nginx-7b6d77bd77-t77sk|default/nginx-7b6d77bd77-zwf8c|default/step-load-7d6dd98f99-5m2tb|default/step-load-7d6dd98f99-pb2bn|default/step-load-7d6dd98f99-wlnfm];pack-us-west1-n4-highcpu-4-52174:[default/mbw-99zst|default/mbw-l792c|default/mbw-q5pjk|default/step-load-7d6dd98f99-m2dj2];rfsa-us-east1-n1-highcpu-4-52009:[default/step-load-7d6dd98f99-4tjcz|default/mbw-km9h5];rfsa-us-west1-n1-highcpu-4-18673:[default/nginx-7b6d77bd77-8m9r7|default/nginx-7b6d77bd77-j2rp2|default/nginx-7b6d77bd77-wvzj9|default/renaissance-rswlf];rfsa-us-west1-n1-highcpu-4-57630:[default/renaissance-j29l7|default/step-load-7d6dd98f99-ldkmn]
2025-05-14T08:29:31.685080,45,full,2.7900,0.0000,0.2150,0.3600,5,australia-southeast2|e2-standard-4|0.0|node-1;us-east1|n4-highcpu-4|0.0|pack-us-west1-n4-highcpu-4-52174;us-east1|n1-highcpu-4|0.0|rfsa-us-east1-n1-highcpu-4-52009;us-west1|n1-highcpu-4|0.0|rfsa-us-west1-n1-highcpu-4-18673;us-west1|n1-highcpu-4|0.0|rfsa-us-west1-n1-highcpu-4-57630,node-1:[default/mbw-9qs2s];pack-us-west1-n4-highcpu-4-52174:[default/mbw-n7g7w|default/mbw-q98wl|default/nginx-7b6d77bd77-zwf8c|default/nginx-7b6d77bd77-wvzj9];rfsa-us-east1-n1-highcpu-4-52009:[default/mbw-km9h5|default/nginx-7b6d77bd77-j2rp2|default/step-load-7d6dd98f99-wlnfm|default/step-load-7d6dd98f99-4tjcz|default/step-load-7d6dd98f99-5m2tb|default/step-load-7d6dd98f99-ldkmn|default/step-load-7d6dd98f99-m2dj2];rfsa-us-west1-n1-highcpu-4-18673:[default/renaissance-rswlf|default/nginx-7b6d77bd77-t77sk|default/nginx-7b6d77bd77-8m9r7];rfsa-us-west1-n1-highcpu-4-57630:[default/renaissance-j29l7|default/step-load-7d6dd98f99-pb2bn]
2025-05-14T08:33:48.561500,46,consolidate,2.3737,0.0000,0.3475,0.3750,4,australia-southeast2|e2-standard-4|0.0|node-1;us-east1|n4-highcpu-4|0.0|pack-us-west1-n4-highcpu-4-52174;us-west1|n1-highcpu-4|0.0|rfsa-us-west1-n1-highcpu-4-18673;us-west1|n1-highcpu-4|0.0|rfsa-us-west1-n1-highcpu-4-57630,node-1:[default/mbw-9qs2s|default/nginx-7b6d77bd77-t77sk|default/nginx-7b6d77bd77-zwf8c|default/step-load-7d6dd98f99-5m2tb|default/step-load-7d6dd98f99-pb2bn|default/step-load-7d6dd98f99-wlnfm];pack-us-west1-n4-highcpu-4-52174:[default/mbw-n7g7w|default/mbw-q98wl|default/step-load-7d6dd98f99-m2dj2];rfsa-us-west1-n1-highcpu-4-18673:[default/nginx-7b6d77bd77-8m9r7|default/nginx-7b6d77bd77-j2rp2|default/nginx-7b6d77bd77-wvzj9|default/renaissance-rswlf];rfsa-us-west1-n1-highcpu-4-57630:[default/renaissance-j29l7|default/step-load-7d6dd98f99-ldkmn]
2025-05-14T08:36:16.449503,46,incremental,3.0462,0.0475,0.5093,0.3600,5,australia-southeast2|e2-standard-4|0.0|node-1;us-east1|n4-highcpu-4|0.0|pack-us-west1-n4-highcpu-4-52174;us-west1|n1-highcpu-4|0.0|rfsa-us-west1-n1-highcpu-4-18673;us-west1|n1-highcpu-4|0.0|rfsa-us-west1-n1-highcpu-4-57630;us-east1|n1-standard-1|0.0475|rfsa-us-east1-n1-standard-1-82368,node-1:[default/mbw-9qs2s|default/nginx-7b6d77bd77-t77sk|default/nginx-7b6d77bd77-zwf8c|default/step-load-7d6dd98f99-5m2tb|default/step-load-7d6dd98f99-pb2bn|default/step-load-7d6dd98f99-wlnfm];pack-us-west1-n4-highcpu-4-52174:[default/mbw-n7g7w|default/mbw-q98wl|default/step-load-7d6dd98f99-m2dj2|default/mbw-sbd2v];rfsa-us-west1-n1-highcpu-4-18673:[default/nginx-7b6d77bd77-8m9r7|default/nginx-7b6d77bd77-j2rp2|default/nginx-7b6d77bd77-wvzj9|default/renaissance-rswlf];rfsa-us-west1-n1-highcpu-4-57630:[default/renaissance-j29l7|default/step-load-7d6dd98f99-ldkmn];rfsa-us-east1-n1-standard-1-82368:[default/step-load-7d6dd98f99-khn7k]
2025-05-14T08:41:56.563637,47,full,2.6725,0.0000,1.0050,0.3750,4,australia-southeast2|e2-standard-4|0.0|node-1;us-east1|n4-highcpu-4|0.0|pack-us-west1-n4-highcpu-4-52174;us-east1|n1-standard-1|0.0|rfsa-us-east1-n1-standard-1-82368;us-west1|n1-highcpu-4|0.0|rfsa-us-west1-n1-highcpu-4-18673,node-1:[default/nginx-7b6d77bd77-t77sk|default/nginx-7b6d77bd77-zwf8c|default/step-load-7d6dd98f99-5m2tb|default/step-load-7d6dd98f99-pb2bn|default/step-load-7d6dd98f99-ldkmn];pack-us-west1-n4-highcpu-4-52174:[default/mbw-sbd2v|default/step-load-7d6dd98f99-m2dj2|default/nginx-7b6d77bd77-wvzj9|default/step-load-7d6dd98f99-wlnfm|default/mbw-7fh87];rfsa-us-east1-n1-standard-1-82368:[default/step-load-7d6dd98f99-khn7k];rfsa-us-west1-n1-highcpu-4-18673:[default/nginx-7b6d77bd77-8m9r7|default/nginx-7b6d77bd77-j2rp2|default/mbw-t9sgs]
2025-05-14T08:44:25.990311,48,consolidate,0.4000,0.0000,0.0600,1.0000,1,australia-southeast2|e2-standard-4|0.0|node-1,node-1:[default/nginx-7b6d77bd77-t77sk|default/nginx-7b6d77bd77-zwf8c|default/step-load-7d6dd98f99-5m2tb|default/step-load-7d6dd98f99-pb2bn|default/step-load-7d6dd98f99-wlnfm]
2025-05-14T08:47:32.159319,48,incremental,2.6649,0.2399,0.3032,0.3750,4,australia-southeast2|e2-standard-4|0.0|node-1;us-east1|n4-highcpu-2|0.079964|rfsa-us-west1-n4-highcpu-2-95898;us-east1|n4-highcpu-2|0.079964|rfsa-us-east1-n4-highcpu-2-79321;us-east4|n4-highcpu-2|0.079964|rfsa-us-east4-n4-highcpu-2-50523,node-1:[default/nginx-7b6d77bd77-t77sk|default/nginx-7b6d77bd77-zwf8c|default/step-load-7d6dd98f99-5m2tb|default/step-load-7d6dd98f99-pb2bn|default/step-load-7d6dd98f99-wlnfm];rfsa-us-west1-n4-highcpu-2-95898:[default/mbw-2w9b6|default/step-load-7d6dd98f99-srqmv|default/nginx-7b6d77bd77-t2ksg];rfsa-us-east1-n4-highcpu-2-79321:[default/mbw-q9plh|default/step-load-7d6dd98f99-mwcmg|default/nginx-7b6d77bd77-n4tb2];rfsa-us-east4-n4-highcpu-2-50523:[default/mbw-zp6xb|default/step-load-7d6dd98f99-2nr5b|default/nginx-7b6d77bd77-8dzs4]
2025-05-14T09:02:11.119440,49,consolidate,0.4000,0.0000,0.1100,1.0000,1,australia-southeast2|e2-standard-4|0.0|node-1,node-1:[default/nginx-7b6d77bd77-t77sk|default/step-load-7d6dd98f99-5m2tb|default/step-load-7d6dd98f99-pb2bn|default/step-load-7d6dd98f99-wlnfm]
2025-05-14T09:06:30.989671,49,incremental,2.7925,0.1425,0.6394,0.3750,4,australia-southeast2|e2-standard-4|0.0|node-1;us-west1|n1-standard-1|0.0475|rfsa-us-west1-n1-standard-1-55613;us-east1|n1-standard-1|0.0475|rfsa-us-east1-n1-standard-1-96233;us-west1|n1-standard-1|0.0475|rfsa-us-west1-n1-standard-1-45367,node-1:[default/nginx-7b6d77bd77-t77sk|default/step-load-7d6dd98f99-5m2tb|default/step-load-7d6dd98f99-pb2bn|default/step-load-7d6dd98f99-wlnfm];rfsa-us-west1-n1-standard-1-55613:[default/step-load-7d6dd98f99-pddlj|default/nginx-7b6d77bd77-wkq9j];rfsa-us-east1-n1-standard-1-96233:[default/step-load-7d6dd98f99-phbcc|default/nginx-7b6d77bd77-t9jjs];rfsa-us-west1-n1-standard-1-45367:[default/step-load-7d6dd98f99-xwh65|default/nginx-7b6d77bd77-r8dpm]
2025-05-14T09:12:47.740205,50,consolidate,0.4000,0.0000,0.1100,1.0000,1,australia-southeast2|e2-standard-4|0.0|node-1,node-1:[default/nginx-7b6d77bd77-t77sk|default/step-load-7d6dd98f99-5m2tb|default/step-load-7d6dd98f99-pb2bn|default/step-load-7d6dd98f99-wlnfm]
2025-05-14T09:16:48.762602,50,incremental,2.7925,0.1425,0.6394,0.3750,4,australia-southeast2|e2-standard-4|0.0|node-1;us-west1|n1-standard-1|0.0475|rfsa-us-west1-n1-standard-1-56506;us-east1|n1-standard-1|0.0475|rfsa-us-east1-n1-standard-1-64394;us-west1|n1-standard-1|0.0475|rfsa-us-west1-n1-standard-1-29618,node-1:[default/nginx-7b6d77bd77-t77sk|default/step-load-7d6dd98f99-5m2tb|default/step-load-7d6dd98f99-pb2bn|default/step-load-7d6dd98f99-wlnfm];rfsa-us-west1-n1-standard-1-56506:[default/step-load-7d6dd98f99-lplhq|default/nginx-7b6d77bd77-tzvd2];rfsa-us-east1-n1-standard-1-64394:[default/step-load-7d6dd98f99-lx2f9|default/nginx-7b6d77bd77-ndd6v];rfsa-us-west1-n1-standard-1-29618:[default/step-load-7d6dd98f99-pwtb7|default/nginx-7b6d77bd77-dsc94]
2025-05-14T09:22:21.527087,51,consolidate,2.6150,0.0000,0.1400,0.5000,2,australia-southeast2|e2-standard-4|0.0|node-1;us-west1|n1-standard-1|0.0|rfsa-us-west1-n1-standard-1-29618,node-1:[default/nginx-7b6d77bd77-t77sk|default/step-load-7d6dd98f99-5m2tb|default/step-load-7d6dd98f99-pb2bn|default/step-load-7d6dd98f99-wlnfm];rfsa-us-west1-n1-standard-1-29618:[default/nginx-7b6d77bd77-dsc94|default/step-load-7d6dd98f99-pwtb7]
2025-05-14T09:27:25.297134,51,consolidate,0.4000,0.0000,0.5350,1.0000,1,australia-southeast2|e2-standard-4|0.0|node-1,node-1:[]
